Nom,URL,Prix (€),Étoiles,Nombre d'Avis
MSI GT 710 2GD3H LP Carte Graphique Nvidia GT710 954 MHz 2048 Mo PCI Express Noir,https://www.amazon.fr/MSI-2GD3H-Graphique-Nvidia-Express/dp/B01AY78MLM,"40,85",4.5,9961
"MSI GeForce RTX 3060 VENTUS 2X 12G OC Carte graphique - 12 Go GDDR6, 1807 MHz, PCI Express Gen 4, 192 Bits, 3x DP v 1.4a, HDMI 2.1 (Prend en Charge 4K à 120 Hz)",https://www.amazon.fr/MSI-Carte-graphique-VENTUS-912-V397-039/dp/B08WHJFYM8,"260,62",4.6,2880
"MSI GeForce RTX 3050 Ventus 2X XS 8G OC Carte Graphique - 8 Go GDDR6, 1807 MHz, PCI Express Gen 4, 128 Bits, DP v 1.4a, DL DVI-D, HDMI 2.1 (Prend en Charge 4K à 120 Hz)",https://www.amazon.fr/MSI-RTX-3050-VENTUS-2X/dp/B09Y57F1HL,"189,20",4.6,438
GIGABYTE RX7600 XT Gaming OC-16GD,https://www.amazon.fr/GIGABYTE-RX7600-XT-Gaming-OC-16GD/dp/B0CSSZCZZP,"301,65",4.1,223
"Gigabyte NVIDIA GeForce RTX 4060 GAMING OC Carte graphique - 8GB GDDR6, 128-bit, PCI-E 4.0, 2550MHz Core Clock, 2x DP 1.4, 2x HDMI 2.1a, NVIDIA DLSS 3 - GV-N4060GAMING OC-8GD",https://www.amazon.fr/Gigabyte-NVIDIA-GeForce-GAMING-graphique/dp/B0C8ZS7N73,"300,99",4.7,876
"ASUS Dual GeForce RTX 3050 OC Edition Carte Graphique de Jeu 6 Go GDDR6 (Nvidia GeForce RTX3050 DLSS, PCIe 4.0, 1 x HDMI 2.1a, 1 x DisplayPort 1.4a, DUAL-RTX3050-O6G)",https://www.amazon.fr/ASUS-GeForce-Graphique-DisplayPort-DUAL-RTX3050-O6G/dp/B086ZSQZZ7,"167,40",4.6,3425
PNY Carte Graphique GeForce RTX™ 3050 6GB Verto Dual Fan,https://www.amazon.fr/PNY-Carte-Graphique-GeForce-RTXTM/dp/B0CZ188QHG,"151,25",4.5,576
"Gigabyte NVIDIA GeForce RTX 3060 GAMING OC V2 Carte graphique - 12GB GDDR6, 192-bit, PCI-E 4.0, 1837MHz Core Clock, RGB, 2x DP 1.4, 2 x HDMI 2.1, NVIDIA Ampere - GV-N3060GAMING OC-8GD",https://www.amazon.fr/Gigabyte-GeForce-Graphique-Gaming-V2/dp/B096Y2TYKV,"274,37",4.6,2159
"Gigabyte NVIDIA GeForce RTX 4060 EAGLE OC Carte graphique - 8GB GDDR6, 128-bit, PCI-E 4.0, 2505MHz Core Clock, 2x DP 1.4, 2x HDMI 2.1a, NVIDIA DLSS 3 - GV-N4060EAGLE OC-8GD",https://www.amazon.fr/Gigabyte-NVIDIA-GeForce-EAGLE-graphique/dp/B0C8ZRMDC3,"290,82",4.6,402
"MSI, GeForce RTX 3050 Ventus 2X E 6G OC",https://www.amazon.fr/MSI-GeForce-RTX-3050-Ventus/dp/B0BSN1QFXX,"224,68",4.2,24
Gigabyte Radeon RX 7600 Gaming OC 8G AMD 8 Go GDDR6,https://www.amazon.fr/GIGABYTE-Carte-Graphique-Radeon-GAMING/dp/B0C5DXJ165,"249,83",4.4,86
"MSI NVIDIA GeForce RTX 5070 12G Ventus 3X OC Carte Graphique Gaming GDDR7 192 Bits, Fréquence Boost jusqu'à 2557 MHz, PCIe Gen 5, DLSS 4, DP 2.1 x 3, HDMI 2.1 x 1, SFF Ready",https://www.amazon.fr/MSI-NVIDIA-GeForce-Graphique-Fr%C3%A9quence/dp/B0DX7GG91F,"784,16",3.8,20
"maxsun Carte Graphique AMD Radeon RX 580 8go 2048SP GDDR5 pour PC Gaming 256 Bits DirectX 12 DVI, HDMI, DisplayPort Multi moniteurs Extender Blanche Décodage 4k (Blanc)",https://www.amazon.fr/maxsun-AMD-Radeon-580-2048SP/dp/B0CMC8NWMV,"114,16",4.2,291
MSI GeForce RTX 4060 Ventus 2X Black 8G OC,https://www.amazon.fr/MSI-GeForce-4060-Ventus-Black/dp/B0C7W8GZMJ,"274,15",4.6,1482
"Asus GeForce GT1030 2G BRK – Carte Graphique (2GB GDDR5, Technologie Auto-Extreme, GPU Tweak II)",https://www.amazon.fr/Asus-90YV0AT2-M0NA00-Graphique-GeForce-Express/dp/B0789CF1KM,"71,61",4.4,609
"Gigabyte NVIDIA GeForce RTX 4060 WINDFORCE OC Carte graphique - 8GB GDDR6, 128-bit, PCI-E 4.0, 2475MHz Core Clock, 2x DP 1.4, 2x HDMI 2.1a, NVIDIA DLSS 3 - GV-N4060WF2OC-8GD",https://www.amazon.fr/Gigabyte-NVIDIA-GeForce-WINDFORCE-graphique/dp/B0C8ZQTRD7,"283,32",4.6,429
"MAXSUN Cartes Graphiques AMD Radeon RX 550 4Go GDDR5 Carte Graphique ITX GPU 128 Bits DirectX 12 PCI Express X16 3.0 DVI-D Dual Link, HDMI, DisplayPort",https://www.amazon.fr/MAXSUN-RX-550-graphique-DisplayPort/dp/B08VHWFWSD,"83,32",4.2,1400
"MSI GeForce RTX 3050 Ventus 2X 6G OC Carte Graphique - 6 Go GDDR6, 1492 MHz, PCI Express Gen 4, 96 Bits, DP v 1.4a, 2X HDMI 2.1 (Prend en Charge 4K à 120 Hz)",https://www.amazon.fr/MSI-GeForce-Ventus-Carte-Graphique/dp/B0CSPNYB42,"170,73",4.3,132
GIGABYTE Radeon RX 7700 XT Gaming OC Carte Graphique -GV-R77XTGAMING,https://www.amazon.fr/GIGABYTE-Radeon-Gaming-Graphique-GV-R77XTGAMING/dp/B0CGRN842P,"369,98",4.6,179
"maxsun AMD Radeon R5 220 Carte graphique GPU 1 Go (DVI-I, HDMI, VGA)",https://www.amazon.fr/maxsun-Radeon-R5-220-graphique/dp/B0D1X815MZ,"29,16",3.6,21
"MSI GEFORCE RTX 3050 Ventus 2X XS White 8G OC Carte Graphique - 8 Go GDDR6, 1807 MHz, PCI Express Gen 4, 128 Bits, DP v 1.4a, DL DVI-D, HDMI 2.1 (Prend en Charge 4K à 120 Hz)",https://www.amazon.fr/MSI-GEFORCE-Ventus-White-Graphique/dp/B0DM9FGCXC,"212,41",4.4,21
"ASUS GT710-SL-2GD5-BRK-EVO Graphic Card, DDR5 PCI Express, 2GB",https://www.amazon.fr/ASUS-GT710-SL-2GD5-BRK-EVO-Graphic-Card-Express/dp/B0D58PZ1V6,"45,79",4.9,17
Sapphire Pulse 11324-01-20G Carte Graphique AMD Radeon RX 7600 8 Go GDDR6,https://www.amazon.fr/Sapphire-Pulse-11324-01-20G-Graphique-Radeon/dp/B0C49S5R55,"278,15",4.3,252
"MAXSUN Cartes Graphiques GT 730 4Go Carte Graphique Externe Nvidia GPU pour Ordinateur PC GDDR3 ITX Design PCI Express DVI-I, HDMI, VGA 4K",https://www.amazon.fr/Graphiques-GT-730-Nvidia-Ordinateur/dp/B097GMQWRN,"60,82",4.2,195
"QTHREE Radeon RX 560xt 8Go Carte Graphique, GDDR5 128-bits, HDMI, DVI-D, DisplayPort, Carte Video PC, GPU, PCI Express x16, DirectX 12",https://www.amazon.fr/QTHREE-Radeon-RX-Graphique-DisplayPort/dp/B0CG5TTJRJ,"108,32",4.3,50
"GIGABYTE GeForce RTX 4060 TI EAGLE OC 8GB Carte graphique - 8GB GDDR6 18Gbps 128bit, PCI-E 4.0, 2x DisplayPort 1.4, 2x HDMI 2.1a, NVIDIA DLSS 3, Supports 4K, Ada Lovelace Arch, GV-N406TEAGLE OC-8GD",https://www.amazon.fr/GIGABYTE-GeForce-EAGLE-Carte-graphique/dp/B0C5JVS8VG,"429,12",4.4,104
"MAXSUN Carte Graphique GeForce GT 710 1 Go GPU (64 bit VGA, DVI-D, HDMI, Profil Bas prêt PCI Express Graphics Card)",https://www.amazon.fr/Graphique-Externe-GT-710-Graphics/dp/B08Y5S5P55,"39,99",4.4,133
"GIGABYTE GV-R65XTEAGLE-4GD Radeon RX 6500 XT 4GB Eagle GDDR6 Ray-Tracing Graphics Card, RDNA2, 1024 Streams, 2825MHz Boost",https://www.amazon.fr/GIGABYTE-GV-R65XTEAGLE-4GD-Ray-Tracing-Graphics-Streams/dp/B09Q978YV1,"148,51",4.6,14
Sapphire Pure AMD Radeon™ RX 7800 XT Gaming OC 16GB GDDR6 Dual HDMI/Dual DP,https://www.amazon.fr/Sapphire-Pure-RadeonTM-Gaming-GDDR6/dp/B0CGVRFV5Q,"465,24",4.6,364
"Gigabyte Radeon RX 9070 Gaming OC 16G Carte Graphique - 16 Go GDDR6, 256 Bits, PCI-E 5.0, 2700 MHz Fréquence du Cœur, 2 x DisplayPort, 2 x HDMI, GV-R9070GAMING OC-16GD",https://www.amazon.fr/Gigabyte-Radeon-Gaming-Carte-Graphique/dp/B0DT78YM6P,"636,66",4.8,8
"MSI GeForce RTX 3050 LP 6G OC Carte Graphique - 6 Go GDDR6, 1492 MHz, PCI Express Gen 4, 96 Bits, DP v 1.4a, 2X HDMI 2.1 (Prend en Charge 4K à 120 Hz)",https://www.amazon.fr/MSI-GeForce-3050-Carte-Graphique/dp/B0CSPRNRZC,"169,07",4.7,146
"Carte Graphique NVIDIA GEFORCE GT 1030 4 Go GDDR4 PCI Express 3.0, HDMI, DVI-D, système de Refroidissement à Ventilateur Unique ITX GPU",https://www.amazon.fr/MAXSUN-GT-1030-refroidissement-ventilateur/dp/B08ZCHF59L,"91,66",4.3,325
"Asus TUF Gaming GeForce RTX 5070 12GB GDDR7 OC Edition – Carte Graphique Gaming (PCIe 5.0, HDMI, Display 2.1, 3.125 Slot, Ventilateurs axiaux, revêtement Protecteur PCB)",https://www.amazon.fr/Asus-Gaming-GeForce-5070-GDDR7/dp/B0DYPGW2KB,"707,50",2.5,6
"ASUS DUAL AMD Radeon RX 6600 - Carte graphique (8GB GDDR6, AMD RDNA 2, PCIe 4.0, HDMI 2.1, DisplayPort 1.4a, ventilateurs axiax à double roulement à billes, 0dB), Noir",https://www.amazon.fr/ASUS-DUAL-AMD-Radeon-6600/dp/B09GPQVK1G,"220,40",4.4,1530
PNY Carte Graphique GeForce RTX™ 5070 12GB ARGB OC Triple Fan DLSS 4,https://www.amazon.fr/PNY-Carte-Graphique-GeForce-Triple/dp/B0DYPGBX6J,"665,83",4.1,7
GIGABYTE RTX 4060 Eagle OC ICE-8GD,https://www.amazon.fr/GIGABYTE-RTX-4060-Eagle-ICE-8GD/dp/B0CVQN2XKX,"296,66",4.8,38
"MSI GeForce RTX 4060 Ti Ventus 2X Black 8G OC Carte Graphique - 8 Go GDDR6 (18 GB/s, 128-bit), PCIe 4.0-2 x Ventilateurs TORX Fan 4.0 - HDMI 2.1a, DisplayPort 1.4a",https://www.amazon.fr/MSI-GeForce-Ventus-Black-GDDR6X/dp/B0C4F7KX1B,"385,30",4.6,1424
Sapphire Pure AMD Radeon™ RX 7700 XT Gaming OC 12GB GDDR6 Dual HDMI/Dual DP,https://www.amazon.fr/Sapphire-Pure-RadeonTM-Gaming-GDDR6/dp/B0CGVQMBCC,"391,66",4.6,77
ASUS Dual RX 7800XT O16G,https://www.amazon.fr/ASUS-Dual-RX-7800XT-O16G/dp/B0CRHW6MYG,"452,48",4.6,158
"ASUS TUF Gaming Radeon RX 7800 XT OC Edition – Carte Graphique Gaming (16GB GDDR6X, PCIe 4.0, HDMI 2.1, DisplayPort 2.1, Ventilateurs axiaux)",https://www.amazon.fr/ASUS-TUF-Gaming-Radeon-7800XT/dp/B07MDV2F3L,"494,27",4.6,183
"ZOTAC Carte Graphique, Gaming GEFORCE RTX 3060 Twin Edge OC 12GB GDDR6",https://www.amazon.fr/Zotac-Gaming-GeForce-NVIDIA-GDDR6/dp/B08WRF18SC,"258,32",4.6,474
"Gigabyte NVIDIA GeForce RTX 3060 WINDFORCE OC V2 Carte graphique - 12GB GDDR6, 192-bit, PCI-E 4.0, 1792MHz Core Clock, 2x DP 1.4, 2 x HDMI 2.1, NVIDIA Ampere - GV-N3060WF2OC-12GD",https://www.amazon.fr/Gigabyte-NVIDIA-GeForce-WINDFORCE-Graphique/dp/B0BXH2DLZ6,"260,32",4.6,113
"MAXSUN Carte Graphique Externe GeForce GT 710 2 Go GPU (64 bit VGA, DVI-D, HDMI, Profil Bas prêt PCI Express Graphics Card)",https://www.amazon.fr/Graphique-Externe-GeForce-Express-Graphics/dp/B08R8NZB3Y,"44,16",4.5,386
"GIGABYTE GeForce RTX 4060 TI EAGLE 8GB Carte graphique - 8GB GDDR6 18Gbps 128bit, PCI-E 4.0, 2x DisplayPort 1.4, 2x HDMI 2.1a, NVIDIA DLSS 3, Supports 4K, Ada Lovelace Arch, GV-N406TEAGLE-8GD",https://www.amazon.fr/GIGABYTE-GeForce-EAGLE-Carte-graphique/dp/B0C5JWKK33,"396,54",4.7,404
"Gigabyte Radeon RX 9070 XT Gaming OC 16G Carte Graphique - 16 Go GDDR6, 256 Bits, PCI-E 5.0, 3060 MHz Fréquence du Cœur, 2 x DisplayPort, 2 x HDMI, GV-R9070XTGAMING OC-16GD",https://www.amazon.fr/Gigabyte-Radeon-Gaming-Carte-Graphique/dp/B0DT7B79K9,"749,96",4.1,19
"SAPLOS GTX 750 Ti Carte Graphique 4 Go 128 Bits DDR3, HDMI, VGA, DVI-D, Low Profile Carte Video PC, GPU, PCI Express x16, DirectX 12",https://www.amazon.fr/SAPLOS-Graphique-Profile-Express-DirectX/dp/B0DF7HFPPS,"79,99",4.8,23
Sapphire Nitro+ AMD Radeon™ RX 7800 XT Gaming OC 16GB GDDR6 Dual HDMI/Dual DP,https://www.amazon.fr/Sapphire-Nitro-RadeonTM-Gaming-GDDR6/dp/B0CGLYWWKX,"500,82",4.5,266
"ASUS NVIDIA GeForce GT 730 SL-2GD5-BRK - Carte graphique (2GB GDDR5, PCIe 2.0, Refroidissement silencieux 0 dB, GPU Tweak II avec XSplit Gamecaster, Auto-Extreme, idéal pour HTPC)",https://www.amazon.fr/GT730-SL-2GD5-BRK-Carte-Graphique-Nvidia-Express/dp/B01A9GJ55K,"64,30",4.4,544
"Gigabyte AORUS Radeon RX 9070 XT Elite 16G Carte Graphique - 16 Go GDDR6, 256 Bits, PCI-E 5.0, 3100 MHz Fréquence du Cœur, 2 x DisplayPort, 2 x HDMI, GV-R9070XTAORUS E-16GD",https://www.amazon.fr/Gigabyte-AORUS-Radeon-Elite-Graphique/dp/B0DT7C5ZC7,"808,29",3.3,7
GIGABYTE RTX 4060TI EAGLEOC ICE-8GD,https://www.amazon.fr/GIGABYTE-RTX-4060TI-EAGLEOC-ICE-8GD/dp/B0CVS8K3KJ,"434,37",5.0,5
Sapphire Générique AMD 4GB RX6400XT Pulse Gaming OC 4GB HDMI/DP Sapphire Pulse AMD RADEONOao RX 6400 Gaming,https://www.amazon.fr/G%C3%A9n%C3%A9rique-Sapphire-RX6400XT-Gaming-RADEONOao/dp/B09YHFH2XK,"121,60",4.2,169
Gigabyte GeForce RTX 3050 WINDFORCE OC 6G NVIDIA 6GB GDDR6,https://www.amazon.fr/Gigabyte-GeForce-WINDFORCE-NVIDIA-GDDR6/dp/B0D5J5XS36,"246,36",4.2,54
"SAPLOS Radeon RX 550 Low Profile Carte Graphique, 4 Go GDDR5 128-bit, VGA DVI-D HDMI, PC Video Card, Affichage 4K, DirectX 12",https://www.amazon.fr/SAPLOS-Radeon-RX-550-graphiques/dp/B09H5RTCWD,"83,32",4.4,250
"Asus TUF Gaming Radeon RX 9070 XT OC Edition 16GB – Carte Graphique Gaming (16GB GDDR6, PCIe 5.0, HDMI, DisplayPort 2.1, 3.125 Slot, Ventilateurs axiaux, revêtement Protecteur PCB)",https://www.amazon.fr/Asus-Gaming-Radeon-9070-16GB/dp/B0DSWJL78F,"808,13",4.8,9
PNY Carte Graphique GeForce RTX™ 5080 16GB OC Triple Fan DLSS 4,https://www.amazon.fr/PNY-Carte-Graphique-GeForce-Triple/dp/B0DTJFZ4YS,"1 191,66",4.5,15
ASUS Dual RX 7600 XT O16G,https://www.amazon.fr/ASUS-Dual-RX-7600-O16G/dp/B086ZTKLXQ,"331,44",4.5,75
"Sapphire Nitro+ 11323-01-40G Carte graphique de jeu AMD Radeon RX 7900 XT Vapor-X avec 20 Go GDDR6, AMD RDNA 3",https://www.amazon.fr/Sapphire-11323-01-40G-Radeon-Vapor-X-graphique/dp/B0BR6KLPDW,"945,83",4.0,16
PNY Carte Graphique GeForce RTX™ 5080 16GB ARGB OC Triple Fan DLSS 4,https://www.amazon.fr/PNY-Carte-Graphique-GeForce-Triple/dp/B0DTJDR3V9,"1 259,99",4.1,43
"MSI Radeon RX 6750 XT Gaming X Trio 12G Carte Graphique Gaming GPU MHz Mémoire 12000 Mo, Noir",https://www.amazon.fr/MSI-Radeon-Gaming-Graphique-M%C3%A9moire/dp/B09YHTMKL2,"544,16",4.5,343
"ASUS GeForce RTX 4060 Dual Evo 8G OC Carte Graphique de Jeu – Horloge Boost 2535 MHz, GDDR6X, PCIe Gen 4, DLSS 3, 3X DP v 1.4a, HDMI 2.1a (Prend en Charge 4K et 8K HDR)",https://www.amazon.fr/ASUS-GeForce-4060-Carte-Graphique/dp/B0CVQLKYSK,"353,11",4.6,93
XFX Carte Graphique de Jeu Speedster SWFT210 Radeon RX 7800XT Core (RX-78TSWFTFP),https://www.amazon.fr/XFX-Graphique-Speedster-SWFT210-RX-78TSWFTFP/dp/B0D9QKFT9T,"623,27",4.6,28
"QTHREE Radeon Carte Graphique HD 5450, 2 Go, GDDR3, 64 Bits, DVI/HDMI/VGA, Profil Bas, PCI Express x16 2.0, Carte vidéo de Bureau pour PC, GPU d'ordinateur, DirectX 11",https://www.amazon.fr/HD-5450-dordinateur-construction-silencieuse/dp/B0B3RKZFLM,"45,82",4.1,153
Sapphire Nitro+ Radeon RX 7900 XT Vapor-X AMD 20 Go GDDR6,https://www.amazon.fr/Vaizdo-plok%C5%A1t%C3%84-SAPPHIRE-RX7900XT-Vapor-X/dp/B0BQND6TWL,"718,42",4.5,119
PNY Carte Graphique GeForce RTX™ 5070 12GB OC Triple Fan DLSS 4,https://www.amazon.fr/PNY-Carte-Graphique-GeForce-Triple/dp/B0DYPFGL88,"645,45",4.0,1
"ASUS Dual Radeon RX 7600 Evo OC Edition Carte Graphique GDDR6 8 Go (AMD Radeon RX7600, PCIe 4.0, 1 x HDMI 2.1, 3 x DisplayPort 1.4a, DUAL-RX7600-O8G-EVO)",https://www.amazon.fr/ASUS-Radeon-Graphique-DisplayPort-DUAL-RX7600-O8G-EVO/dp/B0DKPGQT97,"313,59",4.8,9
"MSI NVIDIA GeForce RTX 5070 12G Ventus 2X OC Carte Graphique Gaming GDDR7 192 Bits, Fréquence Boost jusqu'à 2557 MHz, PCIe Gen 5, DLSS 4, DP 2.1 x 3, HDMI 2.1 x 1, SFF Ready",https://www.amazon.fr/MSI-NVIDIA-GeForce-Graphique-Fr%C3%A9quence/dp/B0DX7JJ87N,"643,42",4.5,5
Gigabyte B550 Gaming X V2 ATX Motherboard for AMD AM4 CPUs,https://www.amazon.fr/GIGABYTE-B550-GAMING-V2-Gaming/dp/B08K16S4K1,"99,62",4.4,1639
"MSI GeForce RTX 3060 Gaming X 12G Carte Graphique - GPU RTX 3060, GDDR6 12Go (15Gbps/192 Bits), PCIe 4.0-2 x Ventilateurs TORX 4.0 - HDMI 2.1, DisplayPort 1.4a",https://www.amazon.fr/MSI-GeForce-RTX-3060-Gaming/dp/B08WHML7GL,"607,72",4.7,1132
ASUS GeForce® Carte graphique GT 1030 2 Go GDDR5 à profil bas pour une construction HTPC silencieuse (avec supports de port d'E / S),https://www.amazon.fr/GeForce-Graphique-Construction-silencieuse-Supports/dp/B0716JTSRW,"77,65",4.5,687
"ASUS TUF GAMING Radeon RX 7900 XTX OC Edition – Carte graphique gaming (24GB GDDR6X, PCIe 4.0, HDMI 2.1a, DisplayPort 2.1, ventilateurs axiaux)",https://www.amazon.fr/ASUS-Graphique-m%C3%A9moire-DisplayPort-TUF-RX7900XTX-O24G-GAMING/dp/B0BQCFCJK2,"1 218,00",4.5,311
GIGABYTE B760M Gaming X DDR4,https://www.amazon.fr/GIGABYTE-Intel-B760M-Gaming-DDR4/dp/B0BPMK4MJV,"95,79",4.6,164
"MSI Carte mère de jeu MPG B550 Gaming Plus (ATX), AMD AM4, DDR4 M.2, USB 3.2 Gen 2, HDMI ATX, carte mère de jeu, processeurs AMD Ryzen™ 5000",https://www.amazon.fr/MSI-B550-Gaming-Plus-911-7C56-001/dp/B08B4V6H3N,"107,32",4.6,12749
"MSI B650 GAMING PLUS WIFI Carte mère, ATX - Pour processeurs AMD Ryzen 9000, 8000 & 7000, AM5 - VRM double rail 14+2 phases, DDR5 6400+MHz/OC, 2 x PCIe 4.0 x16, 2 x M.2 Gen4, Wi-Fi 6E",https://www.amazon.fr/MSI-B650-Gaming-Plus-WiFi/dp/B0C3R2TXHJ,"150,35",4.3,3400
"QTHREE GT 730 4G D3 Carte Graphique, 2X HDMI, 1x DVI, 1x VGA, Carte Video PC, GPU, pour Plusieurs moniteurs, for Win 7, 8, 10, 11, DirectX 11, 12",https://www.amazon.fr/QTHREE-GT-730-Graphique-Plusieurs/dp/B0CGV2XRPJ,"79,99",4.2,44
"MSI B850 Gaming Plus WiFi Carte mère ATX - pour processeurs AMD Ryzen 9000/8000 / 7000, AM5 - DDR5 Memory Boost (8200+ MT/s OC), PCIe 5.0 x16 & 4.0 x16, M.2 Gen5, Wi-FI 7, 5G LAN",https://www.amazon.fr/MSI-B850-Gaming-Plus-Carte/dp/B0DPKV94MX,"184,07",4.6,129
"SAPLOS Radeon RX 580 Carte Graphique, 8 Go GDDR5, 256-bit, HDMI DVI DisplayPort, PCI Express x16, Nécessite Une Alimentation à 6 Broches, Blanc",https://www.amazon.fr/SAPLOS-Graphique-DisplayPort-N%C3%A9cessite-Alimentation/dp/B0DSVL4Z91,"129,16",1.0,1
"ASRock Radeon RX 7600 Phantom Gaming 8GO, 8192 MB GDDR6",https://www.amazon.fr/ASROCK-Radeon-Phantom-Gaming-8GO/dp/B0C626YZW5,"299,94",4.0,17
"Gigabyte GeForce RTX 5070 Gaming OC 12G Carte Graphique - 12 Go GDDR7, 192 Bits, PCI-E 5.0, 2625 MHz Core Clock, 3 x DP 2.1a, 1 x HDMI 2.1b, NVIDIA DLSS 4, GV-N5070GAMING OC-12GD",https://www.amazon.fr/Gigabyte-GeForce-Gaming-Carte-Graphique/dp/B0DTGNTQ3C,"691,62",1.0,1
Gigabyte AORUS Xtreme GV-N307TVISION OC-8GD Carte Graphique NVIDIA GeForce RTX 3070 Ti 8 Go GDDR6X Gris,https://www.amazon.fr/Gigabyte-GV-N307TVISION-OC-8GD-Graphique-GeForce/dp/B095X7XXQK,"708,71",4.3,163
"Cooler Master Kit Support GPU Vertical V3, pour Boîtiers PC E-ATX/ATX/mATX & Appareils PCI-E 4.0, Support Modulaire Ajustable pour Carte Graphique, Acier SGCC Épais, Riser Cable 165mm Inclus - Noir",https://www.amazon.fr/Cooler-Master-Vertical-Graphics-%C3%A9l%C3%A9vateur/dp/B0B7NY5TSY,"58,29",4.3,1242
GIGABYTE gddr4 Graphics Card PCIe NVD GV-N1030D4-2GL (GV-N1030D4-2GL),https://www.amazon.fr/Gigabyte-Graphics-Card-PCIe-GV-N1030D4-2GL/dp/B07CQ6Q52H,"89,95",4.5,208
"PNY Quadro P400 Carte graphique professionnelle DVI 2GB GDDR5 PCI Express 3.0 x16, simple slot, 3x Mini-Port display, 5K Support, Ventilateur actif ultra-silencieux",https://www.amazon.fr/PNY-graphique-professionnelle-Ventilateur-ultra-silencieux/dp/B084GZQJXZ,"175,00",4.2,56
"MSI MAG Z690 TORPEDO Carte Mère Gaming, ATX - Pour Processeurs Intel Core 12è Gén, LGA 1700 - 16 Duet Rail VRM 70A, DDR5 Memory Boost 6400+MHz/OC, 1 x PCIe 5.0 x16, 3 x M.2 Gen4, 2.5G LAN",https://www.amazon.fr/MSI-Z690-TORPEDO-Carte-Gaming/dp/B09HK9Q3KD,"234,99",4.4,2317
"SAPLOS Low Profile GT 210 Carte Graphique pour PC, Carte vidéo 1 Go, DDR3 64 Bits, HDMI DVI VGA",https://www.amazon.fr/SAPLOS-Profile-GT210-Carte-Graphique/dp/B0C7M75HRX,"41,66",4.4,10
"Zotac GeForce GT 710 2Go GDDR3 1xHDMI, GT 710 Fan Sink",https://www.amazon.fr/Zotac-GT-710-Fan-Sink/dp/B088X1NTB4,"56,18",4.1,219
Sapphire Pulse AMD Radeon™ RX 6500 XT ITX Pure Gaming OC 4GB GDDR6 HDMI/DP,https://www.amazon.fr/Sapphire-Pulse-RadeonTM-Gaming-GDDR6/dp/B0CDTV5PWS,"145,33",4.4,6
MSI RTX 3050 Aero ITX 8G OC Carte Graphique V809-4041R Noir,https://www.amazon.fr/MSI-3050-Carte-Graphique-V809-4041R/dp/B09R1PXJTZ,"338,09",4.5,469
"MAXSUN Geforce GTX 1050 Ti 4 Go GDDR5 128 bits Carte graphique pour jeux vidéo GPU Mini ITX Design DisplayPort, HDMI, DVI-D, système de refroidissement à ventilateur unique",https://www.amazon.fr/MAXSUN-GTX-1050Ti-Transformateur-refroidissement/dp/B08SMB4LFC,"135,82",4.1,71
"SAPLOS GTX 1050 Carte Graphique pour PC, 4Go GDDR5 128-bit, HDMI DisplayPort DVI-D, GPU, Carte Vidéo Profil Bas, PCI Express x16, DirectX 12",https://www.amazon.fr/SAPLOS-Graphique-128-bit-DisplayPort-Express/dp/B0DG5HW5MX,"116,66",4.9,12
"ASUS GeForce RTX 3050 LP BRK OC Edition 6 Go GDDR6 (IP5X résistance à la poussière, double roulement à billes, support en acier inoxydable, PCIe 4.0, DLSS 3, HDMI 2.1, DisplayPort 1.4a, DVI-D et plus)",https://www.amazon.fr/ASUS-r%C3%A9sistance-poussi%C3%A8re-inoxydable-DisplayPort/dp/B0CVQMD2DF,"233,20",4.3,17
MAXSUN Cartes Graphiques Geforece GT 1030 Carte Graphique 2 Go GDDR5 64 Bits PCIe 3.0 DirectX 12 ITX HDCP Ready Low Profile,https://www.amazon.fr/MAXSUN-Geforece-GT-1030-graphique/dp/B09574CF5V,"74,99",4.1,99
"SAPLOS GT 730 4GB Carte Graphique, 2 HDMI, DisplayPort, VGA, DDR3 64-bit, Low Profile Carte Video PC, Computer GPU, Low Power, PCI Express x8, DirectX 12",https://www.amazon.fr/SAPLOS-Graphique-DisplayPort-Profile-Computer/dp/B0CW1PYF4P,"79,99",4.1,332
"QTHREE Radeon RX 550 Low Profile Carte Graphique, 4GB GDDR5 128-bit, DVI-D, HDMI, VGA, PCI Express x8, Carte Video PC, DirectX 12, Computer GPU",https://www.amazon.fr/QTHREE-Radeon-RX-550-Graphique/dp/B0BJ6ZZCBF,"83,32",4.2,87
"GIGABYTE B650 Eagle Carte mère - AMD Ryzen série 9000, VRM 12+2+2 Phases, jusqu'à 7600 MHz DDR5 (OC), 1xPCIe 5.0 + 2xPCIe 4.0 M.2, LAN GbE, USB 3.2 Gen 2",https://www.amazon.fr/GIGABYTE-B650-Eagle-Carte-m%C3%A8re/dp/B0DBM78F2D,"129,07",4.0,16
Prime X870-P WiFi,https://www.amazon.fr/ASUS-90MB1IS0-M0EAY0-Prime-X870-P-WiFi/dp/B0DGQ6RGD6,"216,66",3.8,222
"ASUS ROG Strix 1000W Platinum (Fully Modular Power Supply, 80 Plus Platinum Certified, ATX 3.1, Cybenetics Lambda A+, GaN MOSFET, GPU-First Intelligent Voltage Stabilizer, 10-Year Warranty)",https://www.amazon.fr/ASUS-Certified-Cybenetics-Intelligent-Stabilizer/dp/B09T9NQZY7,"177,41",4.3,16
"GIGABYTE Carte mère A520M K V2 - Prend en charge les processeurs AMD Ryzen série 5000 AM4, jusqu'à 5100MHz DDR4 (OC), PCIe Gen3 x4 M.2, LAN GbE, USB 3.2 Gen 1",https://www.amazon.fr/GIGABYTE-A520M-K-V2/dp/B0BXFBN121,"52,46",4.3,356
"ASUS ROG Strix Herculx Support pour gddr4 Carte graphie, Montage sans Outils, Niveau intégré Pratique, Structure en Alliage de Zinc, Hauteur réglable de 72 à 128 mm, Aura Sync, Noir 90DA0020-B09000",https://www.amazon.fr/ASUS-Pratique-Structure-r%C3%A9glable-90DA0020-B09000/dp/B09RPYGVBW,"35,66",4.7,929
EZDIY-FAB FR2-4.0CM Muti GPU-W Cable,https://www.amazon.fr/EZDIY-FAB-Support-Graphique-Multi-Angles-Compatible/dp/B0BXN6NZ6P,"55,41",4.0,11
StarTech.com Carte graphique externe USB 3.0 vers HDMI - Adaptateur Graphique Vidéo Double Écran/Multi-écrans Externe USB 3.0 vers HDMI pour Mac et PC – Certifié DisplayLink – HD 1080p (USB32HDPRO),https://www.amazon.fr/StarTech-com-Carte-graphique-externe-vers/dp/B00O6G5ZGI,"59,72",4.4,1419
StarTech.com Adaptateur USB 3.0 vers double DisplayPort 4K 60 Hz - Carte graphique externe USB 3.0 vers 2 ports DP (USB32DP24K60),https://www.amazon.fr/StarTech-com-Adaptateur-vers-double-DisplayPort/dp/B07C69HG33,"98,33",4.3,524
"upHere gaming Support GPU,Aluminium,Support Carte Graphique,Support Carte Graphique Verticale réglable en Hauteur,avec Aimant,S(26mm-50mm),GB26K",https://www.amazon.fr/upHere-gaming-Aluminium-Graphique-Verticale/dp/B0CXPW17QK,"5,82",4.4,63
StarTech.com Adaptateur USB 3.0 vers HDMI - 1080p - Convertisseur d'Écran Slim/Compact USB Type-A vers HDMI pour Moniteur - Carte Vidéo et Graphique Externe - Noir - Windows Uniquement (USB32HDES),https://www.amazon.fr/StarTech-com-Adaptateur-graphique-externe-multi-%C3%A9crans/dp/B00H91BQ7Y,"39,17",4.5,2665
"ASUS ROG Herculx Support pour Carte Graphique Blanc (Hauteur de Support 72-128 mm, élément ARGB 3D intégré, Aura Sync, Niveau à Bulle, Blanc)",https://www.amazon.fr/ASUS-Herculx-Support-Graphique-Hauteur/dp/B08H24S64X,"32,73",4.8,36
"EZDIY-FAB Support GPU Graphique Support de Carte vidéo avec LED ARGB 5V 3 Broches, Support d'étui RX6700-Noir",https://www.amazon.fr/EZDIY-FAB-Support-Graphique-Broches-RX6700-Noir/dp/B0948R4VF4,"16,66",4.3,441
upHere GPU Brace Carte Graphique ARGB LED Sync Ajustable Selon la Carte Graphique pour Raidisseur de Support Carte Graphique Verticale.,https://www.amazon.fr/upHere-Graphique-Ajustable-Raidisseur-Support/dp/B08YWMJLMV,"13,32",4.4,641
NZXT Vertical GPU Mounting Kit - AB-RH175-W1 - Câble Riser PCIe 4.0x16 175 mm - Support GPU - Support en Acier Robuste - Blanc,https://www.amazon.fr/Nzxt-Vertical-GPU-Mounting-Kit/dp/B0B4HJSH49,"88,24",4.6,352
"upHere gaming Support Carte Graphique,GPU ARGB LED Sync Ajustable Selon la Support Carte Graphique pour Raidisseur de Support Carte Vidéo,G276WTARGB",https://www.amazon.fr/upHere-gaming-Graphique-Raidisseur-G276WTARGB/dp/B0CXH43WLN,"12,49",4.3,55
"NZXT H7 Flow RGB -Tour moyenne ATX circ. d’air ventilateurs RGB, Ventilateurs inf. refroidissement direct carte graphique, Ventilateur RGB struct. unique 360 mm incl., Gestion des câbles- Boîtiers PC",https://www.amazon.fr/NZXT-ventilateurs-Ventilateurs-refroidissement-Ventilateur/dp/B0CV4RRBNJ,"124,99",4.6,2071
"EZDIY-FAB 5V ARGB GPU Holder Brace Graphics Card GPU Support Video Card Holder Bracket, Strenchable Structure, Video Card Sag Holder/Holster Bracket Support RX7990XTX, RTX4090-Noir",https://www.amazon.fr/EZDIY-FAB-ARGB-GPU-Strenchable-RTX4090-Noir/dp/B0BPGZRHQJ,"33,32",4.0,116
"Support Carte Graphique GPU, Titulaire de la Carte vidéo, Aluminium, blanc, L(74mm-120mm)",https://www.amazon.fr/Uyubao-Graphique-Titulaire-Aluminium-74mm-120mm/dp/B0CHLTQ9M2,"8,99",4.6,972
"EZDIY-FAB Support vertical pour GPU avec câble PCIE 4.0 Riser,module ARGB,extension flexible de 115 mm,connecteur à 90 degrés, compatible uniquement avec les emplacements PCIe entièrement ouverts-Noir",https://www.amazon.fr/EZDIY-FAB-GPU-emplacements-enti%C3%A8rement-ouverts-Noir/dp/B0CP4TQFPV,"41,66",4.1,141
"Support pour carte graphique GPU, support de carte vidéo, support anti-affaissement, support GPU (L, 74-120 mm)",https://www.amazon.fr/Support-graphique-support-anti-affaissement-74-120/dp/B09FPJL1KY,"8,32",4.7,5616
"J&D 2 Paquets 6 Pin vers 8 Pin PCI Express (PCIe) Graphique la Vidéo Carte d'alimentation Câble Adaptateur, 10cm",https://www.amazon.fr/Broches-Express-Graphique-Adaptateur-dalimentation/dp/B07C6P9R9R,"6,62",4.7,788
NZXT H9 Flow noir - CM-H91FB-01 - Boîtier Gaming moyen-tour ATX double chambre - Panneau supérieur perforé pour airflow élevé - avant et latéral en verre trempé - Compatible radiateur 360 mm,https://www.amazon.fr/NZXT-Flow-noir-CM-H91FB-01-moyen-tour/dp/B0BJGP7XQ7,"146,57",4.7,1498
Asrock Radeon RX 6600 CLD,https://www.amazon.fr/ASRock-Radeon-RX-6600-CLD/dp/B09J8VCFWN,"203,53",4.6,353
"QTHREE GeForce GT 210 Carte Graphique, 1G DDR3 64-bit, HDMI, DVI, VGA, PC Graphics Card GPU, DirectX 10, PCI Express x16",https://www.amazon.fr/QTHREE-graphique-GeForce-Frequency-Desktop/dp/B0BFX174WF,"43,44",4.4,207
"PNY Quadro P400 Carte graphique professionnelle 2GB GDDR5 PCI Express 3.0 x16, simple slot, 3x Mini-Port display, 5K Support, Ventilateur actif ultra-silencieux",https://www.amazon.fr/PNY-graphique-professionnelle-Ventilateur-ultra-silencieux/dp/B084GYZZGW,"180,00",4.3,67
KFA2 Carte Graphique GeForce RTX 4060 1-Click OC 2X NVIDIA 8 Go GDDR6 (Emballage en Vrac),https://www.amazon.fr/KFA2-Graphique-GeForce-1-Click-Emballage/dp/B0CH9XZHXQ,"315,35",5.0,2
"PNY NVIDIA T400 4GB Carte Graphique Professionnelle 4GB GDDR6 PCI Express 3.0 x16, Single Slot, 3X Mini-DisplayPort, 8K Support, Ventilateur Actif Ultra Silencieux Noir",https://www.amazon.fr/PNY-Professionnelle-Mini-DisplayPort-Ventilateur-Silencieux/dp/B09RQBL7JP,"200,00",4.6,18
"QTHREE GT 730 Carte Graphique 4 Go, DDR3, 128 Bits, Carte vidéo de Bureau pour PC de Jeu, DVI-I, HDMI, VGA, PCI Express 2.0 x16, GPU d'ordinateur à Profil Bas, Prise en Charge DirectX 11,2K",https://www.amazon.fr/GeForce-GT-730-graphique-DirectX/dp/B09JF5RSCS,"68,66",3.9,68
"Predator BiFrost Arc A750 OC – 8GB VRAM GDDR6, HDMI, 3X DP - PCIe 4.0 – Double Ventilateur – Noir – Carte Graphique",https://www.amazon.fr/ACER-Predator-BiFrost-Intel%C2%AE-ArcTM/dp/B0CG1QJ9ZX,"232,50",5.0,3
"PNY Quadro P620 Carte graphique professionnelle 2GB GDDR5 PCI Express 3.0 x16, simple slot, 4x Mini-Port display, 5K Support, Ventilateur actif ultra-silencieux",https://www.amazon.fr/PNY-graphique-professionnelle-Ventilateur-ultra-silencieux/dp/B084GZHB2L,"170,00",4.4,39
"SAPLOS Geforce GT 610 Carte Graphique, 2GB DDR3 64-bit, VGA HDMI, Low Profile Carte Video, PCI Express x16, DirectX 11",https://www.amazon.fr/SAPLOS-Geforce-Graphique-Profile-Express/dp/B0CW1HGQH3,"45,82",3.9,12
PNY Carte Graphique Professionnelle NVIDIA Quadro P400 (VCQP400-PB),https://www.amazon.fr/PNY-VCQP400-PB-Quadro-P400-2gb/dp/B06X9PW5DZ,"145,00",4.6,312
"MSI B760 Gaming Plus WiFi DDR4 Carte mère, ATX - pour processeurs Intel 14e, 13e & 12e gén, LGA 1700 - DDR4 Memory Boost 5333+MHz/OC, 1 x PCIe 4.0 x16, 2 x M.2 Gen4, 2.5G LAN, Wi-FI 6E",https://www.amazon.fr/MSI-B760-Gaming-Plus-Carte/dp/B0BSLMNGM9,"122,59",4.7,16
Gigabyte B550 AORUS Elite AX V2 (Socket AM4/B550/DDR4/S-ATA 600/ATX/WiFi 6),https://www.amazon.fr/Gigabyte-B550-AORUS-AX-V2/dp/B08K16FGC8,"126,66",4.3,909
Gigabyte B760 Gaming X DDR4 Intel LGA 1700,https://www.amazon.fr/GIGABYTE-B760-Gaming-DDR4-Intel/dp/B0BPYTR6J5,"105,02",4.5,396
"MSI B760 B760 GAMING PLUS WIFI Carte Mère, ATX - Pour Processeurs Intel Core 14e, 13e & 12e Génération, LGA 1700 - DDR5 Memory Boost 6800+MHz/OC, Slots PCIe 4.0 x16, Slots M.2 Gen4, Wi-Fi 6E",https://www.amazon.fr/MSI-B760-Gaming-Plus-WiFi/dp/B0BZD3BMZL,"137,87",4.5,1941
"GIGABYTE B550M DS3H Carte mère - Processeurs AMD Ryzen 5000, VRM 5+3 Phases, jusqu'à 4733 MHz DDR4, 1xPCIe 4.0 + 1xPCIe 3.0 M.2, LAN 1GbE, USB 3.2 Gen 1",https://www.amazon.fr/GIGABYTE-Carte-Mere-B550M-DS3H/dp/B089TNX9YT,"76,56",4.3,1803
GIGABYTE B550 AORUS Elite V2 ATX,https://www.amazon.fr/GIGABYTE-B550-AORUS-Elite-V2/dp/B08MPZ14FY,"106,08",4.4,1864
"MSI Pro H610M-E DDR4 Carte mère, Micro-ATX - pour processeur Intel de 14e, 13e et 12e gén., LGA 1700 - DDR4 Memory Boost 3200MHz/MAX, PCIe 4.0 x16, M.2 Gen3",https://www.amazon.fr/MSI-H610M-DDR4-LGA1700-MicroATX/dp/B0BKRDV1V3,"58,25",4.3,396
upHere gaming GPU Brace Carte Graphique ARGB LED Sync Ajustable Selon la Carte Graphique pour Raidisseur de Support Carte Vidéo.,https://www.amazon.fr/upHere-gaming-Graphique-Ajustable-Raidisseur/dp/B0CXHH96YL,"12,49",4.3,55
